word,num months,term frequency
-cyclic,474,8086
-dependent,465,28664
-induced,450,42219
-monophosphate,472,6674
-phosphate,456,6148
-terminal,456,7037
-triphosphate,446,5885
000-fold,453,4834
10-fold,467,26156
100-fold,463,11439
16s,450,29285
1h,449,23290
2-deoxy-d-glucose,441,2497
2-fold,450,26052
2-mercaptoethanol,448,3258
20-fold,458,8949
24-hr,442,4540
3-fold,452,23411
3-phosphate,449,2918
30s,461,3552
3h,445,167871
3t3,465,17328
4-dinitrophenol,446,1861
4b,445,7154
4s,455,4125
5-fold,455,28416
5-ht,464,88252
5-hydroxytryptamine,475,12929
5s,465,9022
6-hydroxydopamine,459,6776
6-phosphate,467,7207
7s,440,2899
ab,445,46582
abdominal,465,150314
aberrant,451,31961
abnormal,478,196085
abnormalities,476,195967
abnormality,473,50385
abnormally,468,15038
abolish,459,8951
abolishes,456,7171
abortion,445,27716
abrupt,458,10754
abruptly,448,4743
absorbance,452,16755
absorbed,476,30579
abundance,446,46317
abundant,467,55918
accelerated,474,48062
acceleration,460,23286
acceptable,460,52406
accepted,462,48869
acceptor,474,25921
acceptors,456,7696
access,457,99249
accessible,457,24626
accompany,447,7190
accompanying,472,21284
accomplished,467,31602
accord,453,6341
accordingly,452,28943
accounting,461,23297
accounts,471,27895
accumulate,477,27113
accumulated,479,47297
accumulates,465,11126
accumulating,445,12172
accuracy,473,151394
accurate,475,125095
accurately,463,51236
acetaldehyde,446,8911
acetic,466,19299
acetone,457,12870
acetyl,466,10064
acetyl-coa,460,7501
acetylated,446,7951
acetylation,453,14924
acetylcholinesterase,462,14625
acetyltransferase,447,15317
ach,466,40269
achieve,461,81218
achieved,479,235425
acid-soluble,446,2399
acidic,476,63726
acidification,445,13869
acidosis,458,26647
acquired,471,94215
acquisition,458,60594
acridine,455,5218
acrylamide,470,7225
act,479,113491
acted,464,14208
acth,458,51334
actin,448,92209
acting,471,49404
actinomycin,478,11180
actions,479,90269
activate,461,67326
activated,479,250105
activates,451,39002
activating,454,47246
activator,467,74310
actively,473,27986
acts,479,62242
actual,468,56565
acutely,455,24333
acyl,467,19603
ad,452,118908
adaptation,478,62202
adapted,470,32558
adapting,445,6498
adaptive,450,45969
adding,473,34021
additionally,452,75611
additions,451,6130
additive,467,39939
adenovirus,473,30259
adenylate,461,33958
adequate,478,101776
adequately,456,25971
adh,447,11110
adherence,448,58892
adipose,467,49538
adjacent,479,94802
adjusted,452,80791
adjuvant,463,67938
admitted,445,85348
adp,479,40635
adrenal,476,82480
adrenalectomized,449,5307
adrenalectomy,449,10698
adrenaline,478,17085
adrenergic,475,26748
adsorb,445,3050
adsorbed,473,24498
adsorption,478,63184
adults,471,217160
advanced,465,150692
advantage,468,66572
advantages,474,75208
adverse,454,177077
aerobic,479,43034
aerobically,455,2859
aerogenes,441,2025
aerosol,460,19284
aerosols,453,6230
aeruginosa,475,46919
affecting,477,89023
affects,477,75395
afferent,474,37879
afferents,452,23992
affinities,457,25701
afforded,449,15023
african,471,50458
agarose,465,18252
aged,465,212509
ages,473,86105
agglutinated,438,2042
agglutination,469,13411
agglutinin,453,12084
aggregate,464,19779
aggregated,461,12881
aggregates,472,39371
aggregation,477,91315
aging,452,72794
agonist,453,120721
agonists,454,80675
agree,459,15193
agreed,457,22613
agrees,444,5175
aid,470,52427
air,479,123910
al,467,119249
alanine,479,40816
albicans,461,29536
albino,444,10629
albumin,479,108584
alcohol,479,180020
alcoholic,457,25903
alcohols,460,12805
aldehyde,459,14511
aldolase,459,5541
aldosterone,458,34630
aliphatic,447,9434
alkali,471,8133
alkylation,448,8373
allele,466,107989
alleles,472,79167
allelic,451,25221
allergic,446,65276
allogeneic,451,42746
allosteric,451,14137
allow,477,117225
allowing,464,58147
allows,478,127880
alpha-,466,23731
alpha-ketoglutarate,444,3293
alter,479,99327
alteration,479,58914
altering,460,26026
alternate,466,19583
alternating,453,15770
alternative,474,182211
alternatively,447,21086
alters,455,21784
alveolar,464,70507
amber,457,3442
ambient,462,29242
american,466,87609
amide,452,21986
amine,464,21983
amines,464,17011
amino-acid,455,7629
amino-terminal,448,17748
aminoacyl-trna,448,2917
aminoglycoside,446,7767
aminotransferase,468,23785
ammonia,472,27237
amphetamine,457,15077
amphotericin,451,16461
ampicillin,469,16316
amplitude,479,118843
amplitudes,450,25812
amylase,459,18021
anaemia,457,19894
anaerobes,448,5018
anaerobically,461,3355
anaesthesia,464,47170
anaesthetic,451,17190
analog,465,46568
analogous,478,26321
analogs,453,39510
analogue,475,57564
analogues,477,56556
analogy,443,6361
analysed,472,124473
analytical,475,56776
anatomical,463,51549
anemia,469,56778
anesthetized,463,42193
angiotensin,473,73372
angle,461,72290
angles,454,25520
anhydrase,446,7695
anhydride,444,5307
anion,462,42646
anionic,456,19692
anions,460,19202
anomalous,450,17095
anoxia,449,8243
answer,445,15262
antagonism,462,19843
antagonist,463,166997
antagonistic,453,14103
antagonists,462,92719
antagonize,449,7763
antagonized,475,23562
anterior,478,219615
anti-inflammatory,445,50851
antibacterial,470,26715
antibiotic,479,98755
antibiotics,477,89885
anticoagulant,444,21950
antidiuretic,453,4542
antidromic,446,4100
antifungal,445,22028
antigen-antibody,449,2945
antigenic,479,46913
antigenically,462,5228
antigenicity,448,6655
antimicrobial,468,61500
antiviral,472,38619
aorta,465,69648
aortic,474,175952
apart,470,34936
apoprotein,443,6644
apparatus,477,40169
appearing,458,12555
applicability,447,20280
applicable,466,36729
applications,465,96847
apply,460,27618
applying,453,36614
appreciable,475,14536
appreciably,470,8294
approach,476,395199
approached,460,14147
approaches,472,132889
approaching,447,8431
appropriate,479,193780
approx,473,13800
approximate,471,19303
approximated,453,6466
approximation,448,16122
arginine,478,44843
argued,454,12464
arise,473,39018
arises,460,16526
arising,467,39195
arm,457,79001
aromatic,476,45209
arose,447,14114
arranged,462,17428
arrangement,464,27113
array,448,49497
arrest,455,76674
arrested,452,14109
arteries,462,132485
artery,478,383940
arthritis,464,92217
article,460,181652
artificial,472,58741
artificially,451,9792
ascending,453,27855
ascites,465,27935
ascorbate,449,15430
ascorbic,449,20231
ascribed,464,13866
asparagine,447,7285
aspartate,476,25824
aspartic,461,9572
aspect,450,38246
aspects,474,125779
aspergillus,472,21757
assaying,452,4136
assays,478,187446
assembled,452,18426
assembly,470,73824
assess,469,298022
assessed,476,412661
assessing,449,66000
assessment,466,280015
assigned,467,98036
assignment,448,18035
assistance,445,18594
associate,451,17881
association,479,416033
assume,445,14521
assumed,475,47164
assuming,471,19812
assumption,472,26662
assumptions,456,20246
asymmetric,457,35629
asymptomatic,450,79986
atcc,466,12694
atmosphere,461,13318
atmospheric,448,16945
atom,466,30107
atoms,469,39887
atpase,470,47807
atria,452,11552
atrial,462,137589
atrophy,457,54566
atropine,478,29058
attached,479,49041
attachment,477,65230
attack,466,37738
attained,474,21922
attempt,478,62358
attempted,453,40620
attempts,474,48230
attention,468,132909
attenuated,462,92196
attributable,470,43636
atypical,456,59698
auditory,453,70166
augmentation,450,27134
augmented,477,39284
aureus,479,69765
australia,449,28624
author,446,37839
authors,460,223847
autologous,448,55797
automated,463,40690
automatic,453,23737
autonomic,447,41209
autoradiographic,444,7864
autoradiography,460,18408
autosomal,465,42028
availability,468,74484
available,479,338716
averaged,475,39340
averaging,452,13688
avian,474,26614
avoid,450,57550
avoidance,456,31510
avoided,447,26207
away,465,23897
axial,456,43130
axis,459,80021
axon,471,30670
axonal,458,38399
axons,477,62571
azide,461,8180
baby,444,15092
bacilli,469,11947
back,465,72883
backbone,445,23448
background,470,547362
bactericidal,469,19818
bacteriological,451,8694
bacteriophages,454,3114
bacterium,475,29596
bacteroides,458,9538
balance,474,84301
balanced,461,21155
balb,471,49080
band,479,93341
banding,459,11224
barium,443,14532
barrier,467,71687
base,479,149558
baseline,447,272793
basement,453,29862
bases,471,36388
basic,478,142871
batch,449,16349
bath,458,18570
bathing,461,7285
bcg,452,22320
beads,448,24980
bean,445,8578
bear,449,10530
bearing,468,49013
beats,449,24845
bed,455,41571
beef,456,15179
began,472,34734
beginning,475,71266
begins,460,13833
begun,450,14667
behave,452,9137
behaved,467,7691
behaves,450,6322
behavioral,467,115402
behaviour,478,93023
behavioural,446,32265
believe,448,36197
believed,473,54270
belong,452,22004
belonged,446,12665
belonging,461,30903
benefit,449,119975
benign,452,118844
benzoate,444,8519
benzyl,444,7587
beta,479,401795
beta-,453,11520
beta-adrenergic,456,25240
beta-adrenoceptor,462,9309
beta-adrenoceptors,447,4063
beta-galactosidase,472,18497
beta-glucuronidase,459,8837
beta-lactamase,444,13919
better,478,306617
bhk,440,2895
bicarbonate,475,23442
bilateral,473,128889
bilayer,457,24782
bile,479,115892
biliary,470,63403
bilirubin,459,28733
binds,475,89362
bioassay,456,16110
biochemically,452,10878
biologic,452,28403
biologically,472,32578
biopsies,467,83955
biopsy,476,181749
biosynthesis,479,71709
biosynthetic,478,21156
biotin,449,12059
biphasic,471,31661
birds,462,44258
birth,477,175571
bivalent,451,4059
black,460,62574
bladder,463,135630
bleeding,459,123473
block,479,138740
blockade,474,72141
blocks,472,50594
blue,477,61393
bodies,478,81063
bond,477,90449
bonding,453,29212
bonds,472,45900
bone,479,601313
border,455,29708
born,450,51716
borohydride,442,2388
boston,444,5047
botulinum,459,12869
boundary,452,25377
bovis,445,12707
bowel,470,83947
bradycardia,452,15159
bradykinin,459,23783
brains,467,32835
branch,461,39782
branched,454,12640
branched-chain,447,4664
branches,454,31469
branching,445,18952
break,456,15451
breakage,447,8382
breakdown,478,30294
breaks,474,27593
breast,457,317244
breathing,462,50307
bridge,452,20984
bridges,450,12130
brief,478,55822
briefly,469,28020
bring,447,13748
british,446,16965
broad,473,65665
broken,452,8973
bromide,474,26350
bronchial,445,52310
brought,472,23760
brown,449,24451
brush,447,14241
budding,456,10695
buffered,458,9812
buffers,456,9562
bulk,476,37765
bundles,444,19502
buoyant,473,3554
burst,465,33305
bursts,452,15798
butyrate,446,11676
bypass,446,98731
c-terminal,455,78243
c3,449,33992
c4,447,18860
c57bl,455,45115
caffeine,458,35201
calcium,479,332839
calculate,457,30340
calculation,464,35529
calculations,468,61276
calf,471,33269
california,478,21739
called,474,64075
calves,456,38412
came,449,15899
camp,459,102710
cancer,472,994864
candida,468,37658
canine,466,48714
capabilities,445,16659
capability,452,27658
capacitance,451,6866
capacities,448,14539
capillaries,453,24137
capillary,469,80499
capsid,467,16063
capsular,450,16197
capsule,458,38271
carbachol,455,19349
carbohydrates,462,16664
carbonate,445,11838
carbonic,449,8572
carbonyl,449,18455
carboxyl,461,17849
carboxylase,464,9137
carboxypeptidase,449,6112
carcinoma,472,344677
cardiolipin,450,5212
cardiovascular,462,189026
care,465,618280
careful,450,41375
carefully,456,29234
carotid,468,105063
carrier,478,53600
carriers,461,52767
carries,462,16460
carry,471,32023
carrying,478,57053
cartilage,459,77741
casein,465,20999
castrated,447,10064
catabolic,459,10105
catabolism,477,16059
catabolite,451,3358
catalase,461,32008
catalysed,469,4933
catalysis,448,19870
catalytic,477,102809
catalytically,446,9151
catalyze,464,13482
catalyzed,472,26496
catalyzes,469,21580
catecholamine,476,22649
catecholamines,474,22301
categories,456,62423
catheter,453,87040
cation,472,35289
cationic,447,29319
cations,478,30799
cattle,455,49530
caudal,448,28427
causative,447,27110
causing,478,71502
cavity,456,75085
cd,451,103905
ceased,462,7522
cell-associated,450,7017
cell-free,479,22357
cell-mediated,450,23347
cellulose,477,22461
cent,469,139677
center,471,138206
centers,464,75177
centre,459,42278
centres,449,29756
centrifuged,452,3616
cephalosporin,446,5201
cephalosporins,443,8440
ceramide,447,14821
cerebellar,446,50915
cerebellum,454,37249
cerebrospinal,464,40386
cereus,456,6216
cerevisiae,477,47170
cervical,474,156700
cesium,443,2699
cessation,468,39666
cf,458,48076
ch,445,33811
challenge,474,128641
challenged,465,29029
chamber,460,52707
chambers,446,15369
chance,447,23853
changed,479,93200
changing,472,53459
channel,455,176408
channels,461,157400
character,467,28945
characteristically,450,5761
characterization,471,89850
characterize,464,83728
charge,475,65593
charged,465,41285
chase,445,3770
chelating,452,7587
chemically,477,30601
chemicals,455,34802
chemistry,445,30507
chemotactic,447,22289
chemotherapy,447,213278
chicken,477,51278
chickens,465,24892
chicks,464,19768
chiefly,454,4538
child,453,140329
childhood,448,85434
children,476,831938
chinese,461,74023
chloramphenicol,478,18839
chloroform,452,10285
chloroplast,455,13601
chloroplasts,452,8535
chlorpromazine,454,7806
choice,465,105311
cholera,459,17427
cholerae,447,10214
cholesteryl,446,11685
cholinergic,471,48510
cholinesterase,453,8319
chondroitin,457,12809
chosen,463,43607
chromatin,460,61601
chromatographically,443,1976
chromosomal,475,77734
chromosomes,479,72402
chronically,462,32841
chronotropic,451,6676
chymotrypsin,452,8590
circadian,454,41344
circuit,450,22977
circular,478,46513
circulating,479,101784
circulation,476,74142
circulatory,452,22263
circumstances,470,29752
cirrhosis,469,58317
cirrhotic,445,15842
cis,455,25640
citrate,478,30347
citric,444,7265
cl,475,76375
clamp,452,28120
class,479,258750
classical,471,69711
classification,471,111278
classified,477,107942
clear,478,140189
clearance,478,125024
cleared,448,12726
clearly,479,122858
cleavage,477,113393
cleaved,463,27206
clinically,477,189060
clonal,458,34417
clone,461,65893
cloned,447,101870
clones,467,112782
closed,468,51992
clostridium,477,15178
closure,450,59608
clotting,449,13916
cluster,454,85662
clusters,453,69094
co2,452,59182
coa,466,11991
coagulation,456,51068
coat,471,19497
coated,457,30423
cobalt,446,13078
cocaine,459,58755
cocci,445,3911
code,457,25585
coded,450,13548
codes,452,19695
coding,467,83324
codon,446,47633
coefficient,479,86462
coefficients,476,60967
coeliac,452,9035
coenzyme,470,14724
cofactor,459,23161
cofactors,451,8008
coincided,450,12536
coincident,453,10752
colchicine,457,14396
cold,476,62986
colicin,446,3762
colitis,458,43290
collagen,478,175123
collagenase,453,18675
collected,479,240655
collecting,451,19531
collection,469,64191
collections,446,12955
colon,476,115705
colonic,456,52866
colonies,478,38065
colony,470,39526
colony-forming,457,12624
color,460,56508
colour,450,18027
columns,476,26235
combinations,474,67896
combine,447,12735
combining,464,40440
come,453,20320
commercial,476,56574
commercially,460,30867
commonly,478,138652
communication,455,73330
community,454,140806
compact,445,16533
comparative,475,66659
comparatively,448,12456
compare,469,168497
compares,447,16833
comparing,472,97496
comparisons,470,65058
compartment,467,50128
compartments,459,34930
compatible,477,38208
compensatory,452,21962
compete,458,12387
competence,460,24565
competent,470,14856
competing,451,15266
competition,476,44160
competitive,478,59555
competitively,463,9414
complementary,477,54618
complementation,473,16835
completed,472,124308
completion,466,38432
complexed,454,13133
complexes,479,216389
complexity,454,40112
compliance,446,64795
complicated,459,57475
complication,453,106047
complications,462,344450
composed,479,90692
compositions,474,14699
comprise,449,17388
comprised,470,47997
comprising,465,36686
computed,454,116811
computer,474,72952
concanavalin,463,18760
concentrate,451,15709
concentrated,478,32682
concentration-dependent,445,39532
concepts,449,33610
concerned,476,26334
concerning,474,86933
conclude,477,220153
conclusions,477,712949
concomitant,477,80879
concomitantly,462,18294
concurrent,458,45702
concurrently,460,16064
condensation,455,21013
condition,479,211785
conditional,448,16315
conditioned,457,43246
conditioning,466,37875
conductance,476,51512
conducted,475,246905
conduction,469,57961
cone,451,21298
cones,446,12111
confer,445,21978
conferring,444,6868
confidence,445,154629
configuration,474,41672
confined,469,36585
confirm,475,94171
confirmation,449,24266
confirming,454,28563
confirms,456,26812
confluent,445,11496
conformation,477,73228
conformational,472,67308
conformations,456,23386
congenital,460,102510
conjugate,464,28992
conjugated,468,30355
conjugates,464,25560
conjugation,466,16451
conjunction,469,41144
connected,462,34088
connection,445,27480
connections,447,26245
connective,456,34655
conscious,469,28820
consecutive,470,168534
consequence,477,65891
consequences,464,82449
consequent,451,15269
consequently,473,51757
conservation,452,31304
conserved,447,128244
consider,454,57411
consideration,464,49374
considerations,458,24685
considering,448,47335
consist,475,21514
consisted,477,110547
consistently,479,70913
consisting,478,88059
consists,479,69467
constituent,466,14847
constituents,477,27914
constitute,462,37250
constituted,461,14535
constitutes,453,20323
constitutive,472,38938
constriction,459,16289
constructed,473,87197
construction,445,32938
consumed,458,30537
consumption,479,149237
contact,477,154013
contacts,452,41606
contaminants,448,14974
contaminated,465,32470
contaminating,457,5267
contamination,479,50132
context,450,107144
continue,468,44348
continued,479,90439
continues,470,28711
continuing,455,28026
continuously,473,44258
contour,447,12810
contracted,445,9755
contractile,472,54688
contractility,458,26051
contracting,447,6994
contraction,479,97518
contractions,476,54880
contracture,446,10057
contralateral,466,63175
contrary,465,38871
contrasted,447,8984
contribute,478,199116
contributed,466,44279
contributes,458,59515
contributing,456,40709
contribution,472,99165
contributions,458,37984
controlling,471,80232
convenient,464,20932
conventional,479,221171
conversely,462,39359
convert,466,11786
converting,446,18259
converts,455,8194
cooling,466,25112
cooperation,445,17067
cooperative,463,22974
copies,463,38834
copper,457,66426
cord,478,156597
core,476,129283
cores,455,11866
corn,465,24637
coronary,471,374448
correct,470,80445
corrected,473,48508
correction,460,67267
correctly,446,38686
correlate,473,80798
correlates,462,54891
correlations,463,89678
correspond,470,26008
corresponded,472,28117
corresponds,471,25327
cortical,478,154617
corticosteroids,445,34957
corticosterone,449,30515
cortisol,465,74488
cortisone,442,4854
corynebacterium,455,5337
cost,454,126432
cotton,447,11431
count,473,91894
counter,452,8876
counterparts,448,26779
counting,464,20268
countries,446,106853
counts,479,91071
coupled,476,88519
coupling,479,80911
courses,450,39940
covalent,466,24333
covalently,474,22385
cover,446,20155
covered,452,33704
cows,446,59553
cr,453,76255
crassa,470,4579
created,447,51696
creatine,453,31006
creatinine,448,72936
criterion,453,34301
critical,478,228688
critically,447,41861
crohn,453,31158
cross,471,47014
cross-linked,447,16379
cross-linking,449,29729
cross-reacting,449,3533
cross-reactivity,449,14458
crossed,450,13332
crosses,467,9998
crude,479,43538
crystal,460,81405
crystalline,470,21732
crystals,471,42506
cs,453,48018
cscl,463,2785
cu,452,68729
cultivated,456,11370
cultivation,451,13212
cultural,462,27009
cultured,478,213932
cumulative,454,58461
cure,446,36815
cured,450,21427
currently,465,129280
currents,463,69677
curves,479,90751
cut,456,27333
cutaneous,467,80273
cyanide,472,14082
cyanogen,439,4068
cyclase,475,55914
cycles,469,86433
cysteine,471,55668
cystine,453,6828
cysts,445,49303
cytidine,459,5215
cytochrome,479,116627
cytochromes,466,8107
cytological,454,13903
cytopathic,460,5842
cytoplasm,479,69909
cytosine,473,12286
cytosol,457,40588
cytotoxic,463,101421
cytotoxicity,454,80102
d-,458,7707
d-galactose,443,2601
d-glucose,461,9539
da,448,87295
daltons,442,9565
damage,479,277749
damaged,464,29860
dark,477,35508
darkness,453,7834
date,455,73865
daughter,446,9889
de,473,67031
dead,445,22107
deae-cellulose,466,5434
deal,445,16735
deaminase,458,10974
deamination,447,4324
death,478,377518
deaths,458,97706
decarboxylase,470,22118
decarboxylation,456,4777
decay,474,42110
decerebrate,440,2602
decline,479,96416
declined,478,56646
declines,457,15098
decreasing,479,74329
deduced,458,34810
deep,465,81464
defect,478,120295
defects,467,143268
deferens,458,8687
deficiencies,450,21337
deficit,450,48436
define,464,84393
definite,467,30549
definition,447,43492
definitive,452,38016
degeneration,456,66818
degrade,460,11035
degraded,477,30834
dehydrogenases,461,5883
delay,477,89692
deleterious,445,21988
deletion,469,121899
deletions,453,42327
delivered,457,66773
delivery,469,192905
delta,474,136643
demand,448,32341
demonstrable,474,12347
demonstrate,479,361066
demonstrates,475,86931
demonstrating,460,58495
demonstration,472,34202
denaturation,470,18202
denatured,474,12608
dendrites,444,24433
dendritic,447,62935
denervated,462,10795
denervation,461,17184
dense,474,38728
densities,471,37527
dental,447,110101
deoxycholate,469,4209
deoxyribonuclease,445,1680
deoxyribonucleic,476,7114
department,473,88389
depend,479,57189
depended,472,25472
depending,479,87330
depends,479,85058
depleted,470,24942
depletion,478,83213
depolarization,478,37353
depolarizations,444,5429
depolarized,460,8555
depolarizing,472,12663
deposited,459,18156
deposition,465,69727
deposits,458,32412
depress,450,4095
depressant,454,4571
deprivation,470,39376
deprived,452,11506
depth,460,61705
derepressed,456,2036
derepression,463,2835
derivation,443,7437
derivative,479,64219
derive,445,21497
descending,467,38679
describe,465,226163
describes,474,96919
describing,453,27882
description,463,46681
desensitization,444,23560
design,466,388081
designated,479,53828
designed,477,178637
desirable,445,17934
destroy,448,4916
destroyed,477,10935
destruction,469,43788
detail,476,47953
detailed,477,91667
details,459,33972
detect,477,139990
detecting,475,62320
detergent,473,21204
detergents,459,7903
deterioration,445,37960
determinant,472,43831
determinants,469,61581
determinations,474,24534
determines,462,18838
determining,479,95642
develop,476,183255
developing,475,174087
developmental,471,116622
develops,459,23247
deviation,461,55067
deviations,449,22753
device,456,97125
devised,471,14421
devoid,475,20548
dexamethasone,447,55439
dextran,461,20179
di-,450,5607
diabetes,461,292623
diabetic,457,184377
diagnosed,459,206532
diagnostic,478,285740
dialysis,474,71573
dialyzed,445,3763
diameters,463,26167
diaphragm,460,20534
diarrhea,455,42340
diastolic,452,80851
dibutyryl,468,8472
dichroism,463,17997
dictyostelium,444,6345
died,476,141438
dietary,475,154484
diets,469,73252
differ,479,158625
differed,479,77079
differentially,446,42615
differentiate,470,49278
differentiated,474,83531
differentiating,454,23898
differently,452,23730
differing,470,32064
differs,476,33955
difficult,477,140705
difficulties,454,52735
difficulty,453,44452
diffraction,463,33100
diffuse,471,72781
diffusion,479,87290
digest,455,6104
digested,459,14367
digestion,479,58194
digests,459,6193
dilatation,454,34782
dilute,467,8776
diluted,459,14836
dilutions,450,7784
dimensions,470,55763
dimer,464,37451
dimeric,446,16970
dimers,466,24096
dimethyl,462,13341
diminish,450,10560
diminished,479,72863
diminishes,451,6119
diminution,457,7408
dinucleotide,478,11666
dioxide,473,29840
diphosphate,473,11267
diploid,472,19155
directed,475,83649
directions,455,27725
disappear,446,6743
disappeared,476,40124
disappears,447,4741
disc,467,47989
discharge,478,96441
discharged,446,26942
discharges,457,19281
discoideum,443,4186
discontinued,447,19864
discontinuous,462,9014
discovered,461,45504
discrepancies,448,15331
discrepancy,459,19586
discrete,473,40487
discriminate,453,24211
discrimination,466,50626
discs,450,14868
discussion,454,65107
discussions,460,11042
diseased,454,17818
diseases,476,324473
disk,447,19021
disorder,468,225917
disorders,473,278460
dispersed,456,18763
dispersion,460,29011
displaced,457,19928
displacement,467,48981
display,463,71598
displayed,468,104455
displays,449,26843
disrupted,475,27213
disruption,475,62105
disseminated,448,25801
dissimilar,447,6215
dissociate,457,5104
dissociated,471,20887
dissolution,446,23037
dissolved,459,24034
distal,476,152240
distance,473,98493
distances,456,31077
distension,448,11421
distilled,453,8045
distinction,448,18178
distinctive,458,23735
distinctly,450,11080
distinguish,470,45496
distinguishable,460,7892
distinguishing,455,17962
distributed,479,79613
distributions,468,55059
disturbance,455,37744
disturbances,449,46111
disulfide,459,34473
disulphide,449,4681
dithiothreitol,456,9062
diuresis,454,8111
diurnal,449,16189
divalent,468,18840
diverse,458,70765
diversity,446,65883
divide,453,6554
divided,478,130274
dividing,460,12732
dna-dependent,458,3117
dnas,452,15045
dnase,449,15157
documented,465,96672
dodecyl,477,32597
dog,479,47852
domestic,449,25300
dominance,451,16478
dominant,475,97226
done,474,104917
donor,479,131515
donors,476,89355
dopamine,474,128324
dorsal,470,101757
dosage,470,67778
dosages,449,18186
dose-dependent,460,104000
dose-related,447,17010
dose-response,472,36272
double-stranded,477,18951
doubled,465,13568
doubling,463,15120
doubly,452,6008
dp,454,22533
dr,467,26694
drainage,447,52753
dramatic,457,42172
dramatically,453,49290
drastically,451,11562
drawn,465,36917
dried,452,13944
drinking,459,69939
drive,447,25236
driven,455,32992
driving,446,31520
drop,459,29471
drosophila,471,60294
dry,477,67542
dt,466,25390
dual,456,47699
duct,464,69380
ducts,453,23550
duodenal,470,40994
duodenum,463,20847
duplex,453,30116
duplication,448,22427
dye,473,51470
dynamic,466,119756
dynamics,447,110704
dysfunction,449,179747
e1,446,23418
ear,455,60513
earliest,449,18472
ease,455,16970
easily,477,72218
easy,454,40271
ec,479,80508
ecological,446,22083
edema,452,64263
edge,450,26444
edta,473,24611
education,446,140949
effected,461,7736
effectively,476,84178
effectiveness,476,119268
effector,455,52453
efferent,462,15759
efficacy,466,287552
efficiency,478,149121
efficient,478,130697
efficiently,471,59282
effluent,457,15403
efflux,477,53975
effort,462,48211
efforts,446,61582
egg,464,56049
eggs,463,48411
ehrlich,444,4594
elastic,456,33424
electric,470,35806
electrically,465,14281
electrochemical,447,23524
electrode,465,51324
electrodes,467,39358
electrogenic,458,4748
electrolyte,467,21848
electrolytes,451,9008
electromagnetic,444,11007
electron-dense,447,5942
electronic,456,52157
electrons,456,14840
electrophoretically,455,3781
electrophysiological,458,34841
electrostatic,444,25312
element,461,100954
elementary,444,9709
elements,472,151978
elevated,479,289895
elevation,479,92637
elevations,453,22164
elicit,466,29676
elicited,477,81169
eliminate,457,26134
eliminated,478,47141
eliminates,445,9216
eliminating,447,13001
elimination,471,68470
elongated,449,13666
elongation,469,35146
elucidate,461,54839
elucidated,448,35119
eluted,472,19719
elution,477,21899
embryonic,477,98403
embryos,471,109453
emerged,447,38019
emergence,447,30663
emission,456,74129
emphasis,451,44386
emphasize,449,23004
emphasized,460,21500
employing,475,35551
empty,447,13458
emulsion,445,13420
enable,445,34491
enabled,453,28834
encephalitis,457,17182
encephalomyelitis,446,8226
encountered,473,54095
end-diastolic,444,18518
end-plate,427,2466
endings,462,10875
endocarditis,444,22454
endocrine,447,56209
endonuclease,469,19139
endoplasmic,473,37955
endothelial,446,247617
endotoxin,465,37874
ends,466,34044
energies,445,27571
energy-dependent,441,2644
enhance,471,101793
enhancement,476,107245
enhances,464,45150
enhancing,457,39799
enlarged,451,23856
enlargement,447,27650
enriched,471,42096
enrichment,470,27205
enter,468,21730
entered,462,31800
enteric,464,19106
entering,450,15537
enterobacter,458,6131
enterobacteriaceae,463,7460
enterotoxin,462,9066
enters,450,6351
entire,476,92358
entirely,475,28358
entity,448,33180
entry,475,75219
envelope,473,38375
environmental,475,153773
environments,459,37618
enzymatic,479,77870
enzymatically,449,11277
enzymic,476,7912
epidemiological,449,55442
epidermidis,447,9008
epididymal,448,12404
epinephrine,469,36060
episodes,454,95698
epithelium,475,115311
epstein-barr,447,17451
equation,472,51796
equations,471,36993
equilibrated,446,3757
equilibration,463,7003
equimolar,472,9161
equine,463,17583
equipment,460,32551
equivalents,454,11475
error,467,79733
errors,464,68012
erythematosus,449,21534
erythrocyte,477,48861
erythrocytes,479,61060
erythromycin,464,19263
escape,454,21837
especially,478,241269
establish,471,97683
establishing,455,29999
establishment,455,33377
ester,478,65844
esterase,457,14893
esterification,448,6351
esterified,454,5549
esters,474,34571
estimate,472,106928
estimates,475,98238
estimating,456,25265
estimation,476,53131
estimations,446,6261
estradiol,449,59308
estrogen,459,99383
et,468,132739
ethanol,478,125372
ethanolamine,452,5078
ether,469,24012
ethidium,457,6543
ethyl,472,29029
ethylene,452,24921
ethylenediaminetetraacetic,451,1739
eukaryotic,451,39418
evaluate,470,348009
evaluating,460,62840
evaluation,478,323816
event,473,100272
events,475,281935
eventually,462,30228
evidenced,465,31989
evident,477,82888
evoke,452,8505
evolution,467,108640
evolutionary,457,44749
evolved,461,29942
exact,456,47832
exactly,447,11476
exaggerated,444,10715
examinations,453,76974
examine,471,210838
examining,453,38086
example,473,89043
examples,462,45141
exceed,449,14791
exceeded,475,31288
exceeding,448,15369
exceeds,450,9960
excellent,471,106607
exception,475,42078
exceptions,447,8357
excessive,466,47913
exchanges,449,9525
excised,457,28377
excision,465,66421
excitability,452,20393
excitable,444,3847
excitation,475,43312
excitatory,478,44747
excited,467,20772
exclude,457,20035
excluded,475,65196
exclusion,454,34539
exclusive,445,16400
exclusively,479,59341
excrete,447,2198
excreted,477,21948
exercise,460,258831
exert,469,39415
exerted,472,27961
exerts,455,25168
exhibited,479,217655
exhibiting,457,29153
exhibits,475,49873
exist,479,79863
existed,458,22227
existence,479,84359
existing,468,67660
exists,479,66334
exonuclease,455,5940
expanded,456,39549
expansion,465,73052
expense,450,10926
experience,471,199870
experienced,451,116990
experimentally,476,51353
explain,479,105418
explains,451,15926
explanation,476,39031
explanations,455,15927
explored,460,60991
exponential,476,24467
exponentially,468,9763
exposures,446,44667
expressed,479,486459
expression,479,1670907
expressions,448,32873
extend,462,34414
extended,476,102528
extending,457,25740
extends,458,16846
extension,466,80699
extensively,471,38964
extinction,459,15835
extra,464,22033
extracellularly,444,5297
extractable,456,4290
extreme,464,31755
extremely,476,74311
extrusion,452,10133
exudate,449,8867
eye,476,143209
eyes,458,139489
f1,450,33081
face,451,60195
facilitate,471,74585
facilitated,468,32615
facilitates,446,25036
facilitation,461,18896
facilities,445,35625
facts,450,8449
faecal,448,17791
faecalis,468,10168
fail,464,28469
failed,479,153262
fails,457,16490
fairly,465,17671
falling,448,11620
falls,471,22911
false,463,41508
familial,452,56283
families,460,136124
family,477,416161
far,478,101838
fashion,475,56013
fast,478,104752
fasted,454,14385
faster,478,58540
fasting,471,71347
fat,475,182196
fatal,462,46402
fate,465,26789
favor,452,21176
favorable,446,51403
favorably,450,11318
favored,452,12560
fe,472,61986
feasibility,445,46591
feasible,454,45610
feature,473,74208
fecal,464,36139
feces,452,16264
fed,479,140489
feed,449,42935
feedback,475,58701
feeding,473,110844
feline,451,12090
females,478,201000
femoral,452,85220
fermentation,471,22085
ferric,451,11279
ferritin,456,27784
fertility,448,33376
fertilization,446,33475
fetal,472,220601
fetus,458,37466
fetuses,446,52338
fever,466,80332
fewer,468,76355
ffa,448,13727
fiber,464,87715
fibers,475,136311
fibre,471,27776
fibres,478,51716
fibrillation,446,48839
fibrils,447,20081
fibrin,460,33547
fibrinogen,465,45921
fibroblast,467,49631
fibrosis,451,101919
fields,467,67273
fifth,454,25444
figures,455,20768
filament,451,20616
filamentous,466,15321
filaments,465,37538
filled,449,27186
film,459,50935
films,452,44994
filter,468,40962
filtered,457,11928
filters,464,20762
filtrate,455,4353
filtrates,445,2419
finally,477,150871
find,470,103578
fine,473,39318
finite,447,19082
firing,469,35525
firmly,453,5768
first-order,465,13558
fish,462,113671
fit,469,43010
fitness,445,30174
fitted,456,23613
fivefold,463,8115
fixed,479,84402
flagella,448,5392
flagellar,449,7987
flash,450,10048
flashes,445,4369
flat,456,20905
flexible,444,34230
flies,455,15427
flora,463,14928
flows,451,16958
fluctuations,465,31709
fluids,478,37861
fluorescein,444,21908
fluorescence,478,180731
fluorescent,478,92160
fluoride,457,31767
flux,475,45604
fluxes,463,15593
focal,455,84122
foci,454,37372
focus,447,99874
focusing,467,35813
foetal,465,12134
folate,460,28262
fold,450,41430
folic,448,13683
follow,473,64540
follow-up,452,405684
follows,476,64147
food,477,195504
foods,453,37565
foot,453,43644
force,472,138045
forces,461,53372
forearm,444,30007
foreign,449,33374
formal,444,22255
formaldehyde,465,12897
formate,457,7128
formerly,450,9499
forming,470,48100
formula,468,35746
formulated,451,15041
formulation,445,41367
forward,453,30844
fourfold,465,11145
fourth,469,46643
fractional,477,30750
fractionated,477,18509
fractionation,479,29352
fragment,474,135333
fragmentation,448,39726
fragmented,445,8328
francisco,454,4267
freely,451,14170
freezing,460,20452
frequent,469,159345
frequently,479,207130
fresh,479,56577
freshly,465,22287
freund,453,6140
frog,478,17724
frozen,468,39804
fructose,477,19655
fucose,449,4853
full,476,109847
functionally,464,54036
functioning,461,72108
fundamental,464,48822
fungal,462,46612
fungi,473,29875
fungus,464,18501
furthermore,479,311053
fused,453,31201
fusion,470,153101
future,463,179059
g-200,403,2455
gaba,455,79487
gain,473,105806
gained,448,29198
galactose,478,18462
gamma,472,140047
gamma-aminobutyric,452,13701
ganglia,463,44839
ganglion,477,50809
ganglionic,445,5961
gap,458,56338
gas,479,122606
gas-liquid,463,4460
gases,445,16375
gastric,477,227699
gastrin,463,21781
gastrointestinal,469,106081
gelatin,451,13602
gels,477,35071
genera,464,15248
generalized,469,53978
generate,468,69608
generates,445,19217
generating,448,30088
generation,478,155697
generations,472,19143
genetically,479,53857
genital,445,30353
genomes,458,33459
genotype,458,94096
genotypes,454,58724
gentamicin,466,23950
genus,468,34868
geographic,445,24441
geometric,447,24930
geometry,453,33460
germ,459,47087
germination,470,13162
gestation,464,84065
gfr,446,24896
ghosts,450,5210
giant,470,36590
give,479,84914
gives,479,44102
giving,476,39642
gland,478,111582
glands,478,69548
glass,465,41861
globin,459,10538
globulin,476,17095
glomerular,472,63151
glomeruli,446,17673
glucagon,468,36471
glucocorticoid,449,34621
gluconate,445,4462
gluconeogenesis,463,7087
glucosamine,471,8003
glucose-6-phosphate,467,7098
glutamate,479,96731
glutamic,471,13998
glutamine,471,33770
glutaraldehyde,454,9697
glutathione,464,88990
glycine,479,43978
glycogen,472,43632
glycol,463,25594
glycolipid,448,5995
glycolipids,448,6162
glycolysis,465,11374
glycolytic,465,11390
glycoprotein,470,69978
glycoproteins,462,34301
glycosaminoglycans,445,8750
glycosides,444,7760
gmp,446,14602
goat,446,11797
goats,445,16290
golgi,448,35311
gonorrhoeae,445,8511
governing,450,10271
graded,462,30730
gradual,466,26409
gradually,473,50558
gram,459,17774
gram-negative,477,36414
gram-positive,470,24348
granular,458,26535
granule,458,34507
granules,468,51487
granulocytes,449,19231
granulomatous,444,15017
gray,450,24972
great,475,93057
greatest,475,64380
green,477,59482
grew,477,24180
gross,473,38845
ground,450,33821
group-specific,452,2180
grouped,452,21172
grows,461,6335
gtp,469,34013
guanethidine,437,2785
guanidine,453,6894
guanine,471,23203
guanosine,470,16005
guide,449,37978
guinea,479,64863
guinea-pigs,445,5493
gut,467,38189
h-2,445,8825
haemoglobin,456,21578
haemophilus,464,13497
haemorrhage,447,19778
hair,451,63404
half-life,476,46106
half-lives,445,10043
half-maximal,460,11193
half-time,452,5246
hamsters,467,26632
handling,458,26666
haploid,456,7440
harboring,445,13280
harvested,463,25060
hb,448,38689
hcl,459,21946
head,469,165182
heads,445,12804
healing,450,83868
health,469,712395
healthy,478,365055
hearts,467,64575
heat-killed,447,3221
heat-labile,463,3492
heat-stable,458,4552
heated,469,11845
heating,477,27930
heavily,455,17763
height,458,84158
hela,474,34738
held,473,31690
helical,463,28804
helix,454,34971
help,464,136410
helper,451,27031
helpful,449,40725
hemagglutination,473,7102
hemagglutinin,455,6978
heme,471,43114
hemoglobin,479,67923
hemolysis,459,13254
hemolytic,469,17630
hemorrhagic,445,27728
hen,444,9052
heparin,463,78619
hepatic,479,229975
hepatitis,470,157615
hepatocytes,450,77562
hepatoma,460,20153
hereditary,459,32720
herpes,474,37572
herpesvirus,462,11782
heterogeneity,471,60881
heterogeneous,475,55980
heterologous,474,29173
heterozygotes,460,12150
heterozygous,472,35750
hexamethonium,457,4678
hexokinase,451,6870
hexose,468,5126
hg,477,117245
high-molecular-weight,458,5242
high-resolution,445,30364
high-speed,446,6015
hill,460,9201
hind,460,11933
histamine,476,74742
histochemical,461,18607
histocompatibility,449,25841
histologic,450,85646
histologically,464,56745
histology,457,49997
histone,462,47982
histones,459,12747
history,475,273884
hitherto,453,10878
hodgkin,449,20634
homogenate,473,12846
homogeneity,465,26151
homogeneous,479,41929
homogenization,451,3636
homogenized,449,4471
homology,469,74028
homozygous,463,44146
horizontal,461,39203
hormonal,467,51003
hormones,479,75278
horse,461,18332
hospital,476,398614
hospitals,454,96775
hosts,462,30693
hot,459,27510
hour,477,62413
hsv,445,18893
humans,470,154666
humidity,455,12395
humoral,463,30273
hyaluronic,445,8610
hybrid,478,60538
hybridization,478,129598
hybridized,463,12429
hybrids,471,21351
hydration,453,18917
hydrocarbon,460,14276
hydrocarbons,457,15645
hydrochloride,470,29915
hydrocortisone,462,11905
hydrolase,448,15893
hydrolases,449,5206
hydrolysed,457,4139
hydrolytic,446,8608
hydrolyzed,465,14607
hydrophobic,465,72231
hydrostatic,450,6546
hydroxy,447,6164
hydroxyapatite,454,13466
hydroxyl,457,26627
hydroxylamine,457,4401
hydroxylase,469,24039
hydroxylation,458,11422
hydroxymethyl,451,3075
hydroxyproline,454,8293
hyperbolic,443,3280
hyperglycemia,444,21967
hyperplasia,454,57161
hyperpolarization,468,13020
hyperpolarizing,459,6229
hypersensitivity,466,34454
hypertension,465,234446
hypertensive,447,81902
hyperthermia,447,19487
hypertonic,465,12983
hypertrophy,451,60923
hyphae,445,5693
hypoglycaemia,443,8504
hypoglycemia,447,19579
hypotension,459,36515
hypotensive,445,13727
hypothalamic,470,42559
hypothalamus,475,43361
hypothermia,448,24070
hypotheses,453,31521
hypoxanthine,455,7869
hypoxia,460,83715
hypoxic,445,39469
hz,465,75234
idea,466,29153
identifiable,448,11337
identify,470,286431
identifying,453,65440
identity,466,69198
idiopathic,448,55331
ig,446,31400
iga,467,58265
igg,479,140851
igm,473,65044
ileal,460,21802
ileum,474,26496
ill,447,43706
illness,466,109999
illumination,468,13674
illustrate,448,34033
illustrated,458,24099
image,448,123167
imidazole,450,9282
immature,469,52083
immediate,479,86446
immediately,479,114584
immobilization,446,21822
immobilized,447,37832
immune,478,303706
immunity,474,74122
immunization,471,62319
immunized,475,39215
immunoassay,448,27095
immunochemical,460,7423
immunodiffusion,470,6135
immunoelectrophoresis,438,4935
immunofluorescence,477,60141
immunofluorescent,464,10529
immunoglobulins,470,17466
immunologic,459,25031
immunological,478,53127
immunologically,472,12617
immunoreactive,454,49468
immunosuppressive,447,38161
impair,452,18223
impaired,478,156076
impairment,471,125981
implanted,461,60742
implicated,466,97182
implications,477,144186
implies,464,24441
imply,459,26072
implying,454,18652
importance,479,215808
imposed,454,14104
impossible,444,13826
improve,458,207303
improved,479,318672
improvement,474,231100
impulse,462,10748
impulses,470,6543
inability,477,26632
inactivate,465,8284
inadequate,462,40728
inbred,456,18110
incapable,455,5677
include,478,203475
includes,468,77690
inclusion,470,62703
inclusions,460,15926
incompatible,444,6415
incomplete,472,43530
incompletely,445,10673
inconsistent,448,18943
incorporate,472,16326
incorporating,456,21701
increasingly,454,56635
increment,465,17652
increments,456,13001
incubating,457,7748
incubations,445,9095
independence,444,14453
independently,478,96442
index,478,332854
indication,472,47163
indications,457,63719
indicative,454,29993
indicator,471,57354
indices,453,68399
indirect,479,84496
indirectly,462,25945
indistinguishable,476,22401
individually,450,29285
indole,455,8188
indomethacin,447,43227
inducer,473,17739
inducers,460,10668
induces,475,115295
inducible,471,44977
inducing,469,57512
industrial,446,25527
ineffective,472,33484
inert,445,8436
inexpensive,446,15110
infant,461,79392
infants,468,233332
infarction,460,149590
infect,445,11078
infecting,463,8170
infective,464,17174
infectivity,477,17792
inferior,459,68448
inferred,468,14593
infiltration,453,61701
inflammation,460,167690
inflammatory,474,242945
influenced,479,106615
influences,471,65193
influencing,452,30077
influenza,472,57655
influenzae,462,19152
influx,473,50006
infrared,457,28983
infused,473,40637
infusions,474,33745
ingested,454,17436
ingestion,467,42548
inhalation,446,37836
inherent,446,24630
inheritance,461,21470
inherited,466,34774
inhibiting,476,60771
initially,479,104804
initiate,471,28148
initiated,477,68286
initiating,452,20801
injecting,449,13920
injections,479,97216
injured,452,41256
injury,475,399736
inner,472,77370
innervated,462,10701
innervation,461,25174
inocula,455,3051
inoculation,477,40270
inoculum,475,11081
inorganic,475,29344
inosine,448,5806
inotropic,460,21229
input,478,65845
inputs,451,27704
insect,454,28234
insensitive,475,22109
inserted,466,47333
insertion,452,88959
inside,473,41593
insignificant,450,13865
insoluble,471,16070
instability,454,53994
instance,458,15935
instances,474,27688
instantaneous,450,7866
institute,445,33872
instrument,451,48009
insufficiency,454,44139
insufficient,456,35962
intake,473,204727
integral,456,33456
integrated,472,63909
integration,468,55866
integrity,470,48726
intense,466,44255
intensities,459,25733
interact,471,69613
interacting,453,29784
interactions,479,284826
interacts,450,36907
intercellular,446,29576
interest,465,118308
interesting,451,36584
interface,452,65318
interfere,474,31534
interfered,455,6972
interference,473,55631
interferes,454,9944
interfering,460,24733
interferon,476,57766
interior,448,10333
intermittent,458,41779
international,452,71266
interpretation,478,75505
interpretations,450,9449
interpreted,477,45231
interrupted,449,13122
interruption,445,12411
interstitial,465,62209
intervention,447,216319
intracellularly,459,9947
intracerebral,452,15325
intradermal,446,8575
intraluminal,462,11868
intramolecular,451,19933
intramuscular,460,23414
intramuscularly,446,7621
intranuclear,448,5346
intraperitoneal,474,39953
intraperitoneally,470,20416
intrarenal,450,6094
intravascular,453,26244
intravenously,478,45721
intraventricular,458,13064
intrinsic,474,73801
introduced,478,92383
introduction,468,104918
inulin,451,7068
invariably,452,9326
inverse,465,43085
inversely,475,40287
inversion,444,19645
investigate,473,321557
investigating,448,30800
investigations,475,91386
investigators,457,28007
involvement,479,204602
inward,457,21524
iodide,462,18125
iodine,462,25930
iodoacetate,416,1732
ion-exchange,468,9754
ionic,478,54150
ionized,444,8635
ipsilateral,460,45467
iron,479,158750
irradiated,474,47133
irradiation,478,118099
irregular,454,24922
irrespective,469,33370
irreversible,473,34332
irreversibly,464,7833
islet,444,34974
islets,451,35554
isocitrate,451,3857
isoelectric,476,24502
isoenzyme,446,12026
isoenzymes,458,11418
isolate,477,53696
isolates,479,205178
isolating,459,6538
isoleucine,465,7127
isomer,449,14349
isomerase,464,9204
isomers,462,23368
isometric,465,23739
isoprenaline,473,9893
isoproterenol,465,26362
isotonic,467,10842
isotope,472,24875
isotopic,463,10568
iv,479,176680
jejunal,471,14699
jejunum,469,15461
joint,451,130680
joints,445,38661
judged,475,33703
juice,464,19535
junction,466,55556
junctional,449,17054
junctions,462,37222
just,474,58364
juvenile,449,33171
k-12,476,4855
kanamycin,459,5506
kb,446,65856
kcal,451,31481
kcl,474,23836
kept,471,32649
ketone,462,11637
key,466,182870
kidneys,473,56041
kill,456,13699
killed,473,40800
killing,472,37784
kilogram,450,5493
kinase,478,390052
kind,461,24464
kinds,469,32596
klebsiella,468,13579
km,453,63447
knowledge,465,214053
krebs,469,5195
l-,466,11151
l-alanine,459,3428
l-dopa,453,12521
l-glutamate,447,6723
l-tryptophan,449,3433
label,477,32563
labeling,479,81495
labelling,469,27002
labels,450,10118
labile,471,10877
laboratories,462,39504
lac,461,9011
lacked,471,20988
lacks,464,20795
lactate,478,81039
lactating,452,13740
lactic,470,19634
lactobacillus,465,12896
lactose,470,17753
laevis,446,11965
lag,475,22839
lambda,475,42871
lambs,446,22468
largest,467,48743
larvae,457,48921
larval,452,26548
laser,448,135683
lasted,456,17979
lasting,461,24722
latency,468,58096
latent,470,33732
lateral,479,171212
latex,448,19272
law,451,27622
layer,478,144253
layers,475,70452
ld,451,22169
leading,477,161915
leads,479,148881
leakage,458,35534
learning,458,113891
leaves,462,45684
leaving,452,19584
lecithin,464,7286
leg,452,51372
lengths,472,33931
lesion,476,193316
lesser,479,48699
lethality,456,14699
leucine,477,32468
leukemic,461,26937
leukocyte,474,55160
leukocytes,477,52716
li,456,20790
liberated,463,5214
liberation,449,5165
library,453,58454
lie,459,13019
lies,456,16342
life,479,306553
ligand,460,136554
ligands,456,91352
ligase,462,13470
ligated,445,10268
ligation,454,44213
likewise,453,20531
limb,469,83232
limit,474,99185
limitation,457,28132
limitations,463,62613
limiting,478,42487
limits,475,72866
linearly,475,25274
link,452,48659
linkage,478,73744
linkages,458,9141
linoleic,449,15118
lipase,468,31212
lipolysis,452,10675
lipolytic,447,5373
lipopolysaccharide,470,40922
lipoprotein,472,94583
lipoproteins,472,33940
listeria,452,13365
liter,477,25070
literature,476,243394
liters,445,4797
lithium,459,30730
live,468,57891
livers,475,35815
living,474,108718
load,469,88383
loaded,450,24267
loading,458,65491
lobe,451,57181
localization,471,134692
localized,479,141318
locally,446,39671
location,478,125522
locations,456,51483
loci,479,76340
locomotor,444,27940
locus,479,106777
log,477,43662
logarithmic,451,6491
long-chain,465,11791
long-lasting,450,17252
long-term,473,295402
longitudinal,464,78247
loop,470,72591
loops,455,25276
lose,462,11055
losses,459,32601
low-molecular-weight,460,7873
lowered,478,40803
lowering,472,33379
lowest,474,81497
lps,446,107166
lumbar,454,66137
lumen,471,42832
luminal,456,34902
lungs,472,68134
lupus,454,39141
luteinizing,448,15770
lyase,447,8267
lying,444,8583
lymph,475,159562
lymphocyte,470,93019
lymphocytes,479,211596
lymphocytic,454,27076
lymphoid,471,55772
lymphoma,462,111202
lyophilized,445,4924
lysate,451,10929
lysates,469,17472
lysed,468,8175
lysine,478,35874
lysis,479,37620
lysosomal,465,30984
lysosomes,461,17690
lysozyme,474,22521
lytic,468,16263
macromolecular,467,11607
macromolecules,467,14239
macrophage,460,63691
macrophages,471,171928
macroscopic,447,20045
magnesium,476,43132
magnetic,479,179158
maintain,475,73145
maintaining,461,50442
maintains,444,10941
maintenance,478,117189
making,472,77668
malabsorption,449,7376
malate,475,8761
males,477,204926
malignancy,447,59474
malignant,470,205300
maltose,456,7046
mammals,463,42433
mammary,471,67758
management,465,348608
manganese,453,16437
manifest,451,18779
manifestation,448,28705
manifestations,458,65888
manifested,463,25056
manipulation,450,34084
mannitol,468,14947
mannose,469,14791
manual,447,36008
map,479,108443
mapped,469,38455
mapping,466,68185
maps,466,40342
marcescens,464,5156
marine,468,27865
marker,477,165895
markers,479,215104
marrow,474,173254
masses,447,41866
massive,463,38424
mast,447,54188
matched,461,91837
matching,445,26821
materials,476,179035
maternal,469,156890
mathematical,460,30145
mating,469,26413
matrix,468,188965
matter,466,85551
maturation,477,86946
mature,479,116132
maturity,445,14229
max,475,43402
maxima,456,8260
maximally,461,14919
meal,460,45860
measles,446,19631
measurable,468,23656
measures,466,287434
meat,448,23825
mechanical,477,146909
medial,462,86588
median,464,307064
mediate,464,64198
mediates,449,35925
mediating,466,41859
medical,478,436238
medicine,472,115137
medulla,470,29502
medullary,456,28742
meet,447,27695
meiotic,446,16711
melanogaster,465,17744
melting,458,15057
member,455,66557
members,478,154999
membrane-associated,447,10654
membrane-bound,472,22667
membranous,461,12599
memory,461,157300
men,476,368743
meningitis,445,32282
mental,447,137871
mentioned,461,20558
meq,448,12161
mercury,452,30804
merely,448,9510
mesenteric,464,39146
messenger,478,37848
met,455,58808
metabolically,454,9548
metabolite,479,68387
metabolize,451,4843
metabolized,475,17796
metal,477,107815
metals,448,35509
methanol,460,30883
methionine,479,33461
methodology,445,55376
methylated,471,15820
methylation,469,60087
methylene,458,15382
methysergide,436,3581
mic,445,30062
michaelis,465,4168
michaelis-menten,462,5802
micro,453,26111
microbial,472,51255
microbiological,461,15414
micrococcus,464,2306
micrograms,451,195622
micrographs,467,6751
microorganisms,473,30093
microscopic,474,74318
microsomal,478,40218
microsomes,461,39853
microtubules,453,30357
middle,470,97564
migrate,445,12946
migrated,454,12164
migrating,447,13399
migration,474,125505
mild,478,160445
milk,474,120582
milligram,454,3420
milliliter,453,4664
million,467,45616
mimicked,453,17852
mineral,451,54708
miniature,464,8884
minimally,447,30670
minimize,445,27849
minimized,451,10674
minimum,479,85705
minor,479,116946
minus,456,15119
minute,473,41693
minutes,477,165566
mirabilis,460,4444
missing,463,25559
mitogen,444,16511
mitomycin,457,12425
mitosis,458,22136
mitotic,461,42514
mixing,459,24147
mn,474,44048
mobilities,458,5097
mobility,477,68693
mobilization,454,31449
mode,476,106546
models,476,327661
moderate,477,175225
moderately,465,45898
modern,446,38971
modes,454,45140
modest,446,34982
modification,479,104872
modifications,466,60298
modify,467,39855
modifying,448,17988
modulated,448,40713
modulation,452,88162
moieties,469,17834
moiety,478,42282
mol,477,110212
molar,478,43886
mold,447,5339
mole,469,12610
moles,451,4148
moloney,447,3256
monitor,445,55345
monitored,471,98191
monitoring,467,177188
monkeys,476,55023
mono-,454,8960
monoamine,464,14315
monocytogenes,449,18150
monolayer,463,29989
monolayers,474,28374
monomer,458,28318
monomeric,453,23423
monomers,458,20058
mononuclear,451,66005
monovalent,457,8306
monoxide,446,12220
month,467,109197
morbidity,450,149400
morphine,465,76926
morphogenesis,455,19656
morphologic,449,31776
morphologically,473,25114
mortality,474,414522
mosaic,461,15460
mother,459,48753
mothers,455,88726
motile,451,10507
motility,460,62555
motion,462,112409
mouth,454,26055
move,449,18964
moved,452,15401
movements,473,76857
moving,461,28741
mrna,479,531259
msec,472,22769
mu,471,55769
mucosal,477,89640
multiplication,465,7734
multiplicity,461,8234
multiply,454,6062
murine,476,130544
muscarinic,450,34332
muscular,454,43617
mutagenesis,456,46444
mutans,446,10715
mv,474,72086
mycelium,448,3546
mycobacteria,454,11627
mycobacterium,477,35886
mycoplasma,474,13444
myelin,458,32609
myelinated,448,10383
myeloma,471,34041
myocardial,478,259406
myocardium,456,49760
myosin,454,49222
n-,456,29284
n-acetylglucosamine,449,4989
n-ethylmaleimide,458,6209
n-methyl-n,439,2229
n-terminal,468,89633
nacl,475,51566
nad,476,20783
nadh,476,24027
nadp,458,5216
nadph,468,30392
nalidixic,446,4035
name,447,15860
named,451,31205
narrow,458,28610
nasal,464,94648
nascent,459,11065
national,465,134996
native,479,130218
natriuresis,442,5166
naturally,477,43355
necessarily,464,23547
necessity,445,17855
necropsy,454,11223
necrosis,467,148709
need,477,262620
needed,479,173360
needle,445,46734
needs,452,97624
negatively,466,62697
negligible,470,25315
neisseria,459,10813
neomycin,455,7104
neonatal,466,119165
neoplastic,458,45265
nephron,456,8630
nervous,479,136743
network,456,111184
neural,471,143426
neuraminidase,465,10025
neuroblastoma,448,26749
neurological,446,94121
neuromuscular,472,31614
neuron,446,41306
neuronal,473,178398
neurone,456,3461
neurones,474,33761
neurons,477,423764
neurospora,474,4682
neurotransmitter,446,25955
neutralization,472,19240
neutralized,454,8395
neutralizing,469,27701
neutrophils,456,78467
newborn,470,56974
newcastle,464,3685
ng,477,231115
nh,473,25785
nicotine,465,50547
nicotinic,461,22594
nitrate,472,36321
nitrite,457,25719
nm,479,264054
node,464,109259
nodes,463,92958
noise,458,63132
non-competitive,448,5123
non-specific,462,23905
nonionic,453,6979
nonlinear,447,33531
nonpermissive,461,4000
nonspecific,468,38231
nontoxic,449,6500
norepinephrine,476,53744
normals,455,10339
north,449,43233
notion,445,24770
novel,467,347368
novo,471,37603
nuclease,470,15695
nucleoside,471,22841
nucleosides,449,7782
numerical,458,37548
numerous,473,94576
nutrient,466,36042
nutrients,449,22078
nutritional,472,59809
o2,456,62297
obese,452,77613
objective,462,577318
observable,448,8487
observe,451,30123
observing,447,8146
obstruction,466,90849
obtain,474,91669
obtaining,462,28449
obvious,466,39468
occasional,453,15851
occasionally,471,28287
occasions,452,21336
occluded,445,17517
occlusion,464,101792
occupied,460,16912
occurrence,478,132164
occurring,479,121635
oedema,445,16994
oesophageal,447,17294
oestradiol,448,14884
offer,461,56987
offered,458,40682
offers,462,55442
offspring,455,43787
oil,471,88077
old,474,166985
older,471,194683
oleate,445,7204
oleic,459,13395
olfactory,449,48290
oligonucleotides,449,25592
oligosaccharides,449,20544
omission,448,4981
omitted,445,5260
oncogenic,458,16217
one-half,467,11001
one-third,474,20636
ones,474,52863
open,470,184146
opening,457,40319
operate,450,14214
operated,452,53692
operating,457,57246
operation,479,183490
operations,457,60924
operative,463,89708
operator,457,16358
operon,473,22985
opportunity,445,32620
opposed,451,20074
opposite,475,52439
optic,453,59571
optical,476,78993
optima,461,3094
orally,472,53287
orange,457,11628
ordered,460,22148
orders,451,24601
ordinary,450,11418
organ,475,124405
organelles,456,20172
organic,476,107889
organization,474,98718
organized,456,26796
organs,470,99624
orientation,468,69654
oriented,463,22011
original,478,83752
originally,466,27642
originate,456,14346
originated,450,17303
originating,450,23335
ornithine,462,14115
orthophosphate,443,2504
oscillations,447,27902
osmolality,460,13568
osmotic,476,28548
osmotically,447,2717
ouabain,477,20747
outbreak,445,25544
outcome,451,402999
outflow,458,28912
outgrowth,453,20406
outlined,457,17208
output,479,110279
outputs,445,8146
outside,472,55186
outward,448,16484
ovary,457,46030
over-all,410,2679
overcome,460,37312
overlap,457,31686
overlapping,454,32348
overnight,452,17068
owing,460,26953
ox,443,4505
oxidative,479,139393
oxide,456,142447
oxidize,449,4218
oxidized,477,45016
oxidizing,450,6100
oxidoreductase,459,9036
oxytocin,455,23664
p-450,445,23969
p-nitrophenyl,447,3802
p1,456,26508
pa,447,56922
packed,457,17586
pain,461,446651
pair,470,56795
paired,468,44881
pairing,448,11474
pairs,475,98280
palmitate,450,11042
palmitic,460,7288
pancreas,468,60423
papain,455,5947
papillary,449,36221
paralleled,469,19917
parallels,455,7530
paralysis,449,21077
paramagnetic,450,12078
parameter,463,67653
parasite,445,58102
parasympathetic,447,12310
parathyroid,466,37845
parenchymal,444,21348
parent,479,60281
parental,479,65611
parenteral,450,27532
parents,465,94221
participate,462,52744
participation,465,50734
particle,477,67917
particularly,479,224515
partition,469,17514
partly,473,52154
parts,478,66269
pass,457,14141
passage,477,33309
passages,459,10578
passed,465,16400
passing,454,9018
passive,478,55996
passively,451,6701
past,470,116017
pathogen,445,42155
pathogenesis,475,150671
pathogenic,461,53398
pathogenicity,449,13228
pathogens,452,57663
pathological,464,105947
pathology,458,91592
pathways,478,211636
peaks,474,48204
peculiar,446,10396
pellet,448,9514
pellets,444,11440
penetrate,452,7972
penetration,466,36995
penicillin,474,27310
penicillins,449,3675
penicillium,453,4920
pentobarbitone,422,2167
pentose,444,3062
people,461,147602
pepsin,459,8182
peptic,446,14379
peptides,479,191268
peptidoglycan,458,7828
percentages,454,28215
perform,465,67429
performance,476,318103
performing,448,43769
perfringens,457,5984
perfusate,461,14429
perfusing,446,2404
periodate,450,3383
periodic,461,31216
periphery,456,22446
peritoneal,469,74469
permanent,460,54210
permeable,454,8976
permeation,443,15329
permissive,471,10708
permit,473,27846
permits,478,27308
permitted,474,20977
permitting,455,9145
peroxidase,459,49574
peroxide,455,37229
persist,458,17347
persisted,476,41432
persistence,463,36532
persistent,471,101685
persists,460,11778
personnel,451,27345
persons,473,115266
pg,460,107281
pge,456,17966
phages,478,8937
phagocytic,459,17752
phagocytosis,471,28511
pharmacologic,448,24889
pharmacological,469,78042
phases,479,82229
phasic,453,12729
phe,445,14758
phenobarbital,450,13791
phenol,466,17820
phenolic,451,14838
phenomena,476,36247
phenotype,474,162623
phenotypes,462,56886
phenotypic,467,53339
phenotypically,452,9844
phenoxybenzamine,435,3844
phentolamine,473,10597
phenyl,447,15419
phenylalanine,476,19384
phenylephrine,450,19106
phosphatase,478,92398
phosphates,459,11714
phosphatidic,450,5914
phosphatidylcholine,464,26217
phosphatidylethanolamine,462,9704
phosphatidylglycerol,446,4024
phosphatidylserine,446,10858
phosphodiesterase,466,19200
phosphoenolpyruvate,465,5947
phosphofructokinase,442,3553
phospholipase,464,46527
phosphoribosyltransferase,446,3017
phosphorus,473,27003
phosphorylase,461,13625
phosphorylated,468,61775
phosphorylation,476,235354
phosphotransferase,450,4626
photosynthetic,457,13332
physical,479,280621
physically,450,20316
physicians,454,131271
physicochemical,459,13762
physiologic,462,42897
physiologically,451,19129
physiology,449,36656
phytohemagglutinin,457,7272
pi,462,97287
picture,457,36201
pieces,453,8937
pig,478,74538
pigeon,447,4602
pigeons,448,5807
pigment,474,32510
pigments,453,8289
pituitary,476,98986
pk,462,24138
placebo,446,183664
placed,475,103122
placenta,456,34798
placental,460,47491
places,446,12176
plane,457,42605
plant,476,129585
plants,470,116995
plaque,473,60651
plaque-forming,464,3935
plaques,467,35033
plasmid,463,100867
plasmids,457,40644
plasmin,447,11756
plasminogen,447,42120
plastic,461,34700
plate,477,56939
plateau,471,26469
plated,447,6700
platelet,477,161808
platelets,473,88578
plates,474,31681
plating,464,9730
play,479,269402
plays,470,138970
pleiotropic,454,9134
plexus,451,28380
plot,463,14916
plots,467,20487
plotted,459,7236
pneumococcal,449,17373
pneumonia,456,66857
pneumoniae,470,47653
po,450,20867
pointed,446,12445
points,479,129502
poisoning,449,21671
polar,475,35463
polarity,460,22725
polarization,459,25070
poliovirus,462,8763
poly,476,87917
polyethylene,459,21357
polymer,472,57996
polymerases,464,9696
polymerization,463,30095
polymers,469,29129
polymorphic,450,33860
polymorphonuclear,465,20974
polymyxin,455,4773
polynucleotide,462,2655
polyoma,442,2602
polypeptide,479,78288
polypeptides,474,41163
polyribosomes,431,2569
polysaccharide,473,22260
polysaccharides,459,11537
polysomes,455,4145
polystyrene,445,9254
pooled,460,26779
pools,472,23489
poor,473,197360
poorly,474,89995
porcine,467,56866
pore,452,34104
portal,464,65926
portion,479,85106
portions,472,25228
positions,476,82058
positively,466,85312
possess,477,47847
possessed,477,19986
possesses,468,24311
possessing,465,15122
possibilities,451,23334
possibility,479,138525
post,447,53137
post-synaptic,459,3409
posterior,469,158422
postinfection,457,6966
postnatal,447,67351
postoperative,447,261752
postsynaptic,458,35703
postulate,450,10083
postulated,479,31686
potencies,446,11985
potency,474,69534
potentially,466,128277
potentiate,445,10986
potentiated,478,30319
potentiating,449,6373
potentiation,468,31273
powder,445,22822
power,475,125150
powerful,463,44596
practical,471,60299
practically,452,10867
practice,457,223219
pre-,447,35716
pre-treatment,446,15337
preceded,469,28564
preceding,472,32654
precipitate,464,9184
precipitated,469,13390
precipitates,455,5568
precipitating,450,6325
precipitation,478,28298
precipitin,389,2476
precise,468,64593
precisely,452,19809
precision,459,43415
precursor,479,93898
precursors,479,52528
predict,458,105802
predicted,476,191337
prediction,451,70421
predictions,458,39375
predicts,453,25855
predominant,475,61598
predominated,447,8823
preexisting,448,12595
preference,460,50461
preferential,462,26202
preferentially,477,46147
preferred,464,51573
preformed,458,7217
preganglionic,448,4978
pregnancy,471,239107
pregnant,465,93874
preincubated,443,7828
preincubation,463,20701
preliminary,478,73562
premature,455,57916
preoptic,447,9850
preparative,466,9122
prepare,450,15957
preparing,456,8994
presentation,463,118227
presenting,446,86803
presently,445,16698
presents,456,71640
preservation,450,40855
preserved,455,42011
press,446,9901
pressor,462,20326
pressures,474,64341
presumed,472,26295
presumptive,458,10728
presynaptic,473,29070
pretreated,468,33762
pretreatment,479,127163
prevalence,449,305094
prevalent,447,46755
prevent,479,153536
preventing,467,61531
prevention,454,158686
prevents,474,36850
primate,459,16959
primates,444,17772
primed,446,16338
primer,452,31435
primitive,446,18895
principal,477,61192
principally,463,13436
principle,468,32561
principles,447,44601
probability,474,83124
probable,472,33896
probe,463,117432
probes,453,72348
problem,476,163662
problems,479,231973
procaine,437,4312
proceed,457,10999
proceeded,462,8802
proceeds,471,13046
processed,450,49221
processing,465,160443
productive,444,12756
profile,467,147920
profiles,477,122941
profound,457,36208
profoundly,447,10405
progeny,476,21016
progesterone,458,86078
prognosis,458,136655
program,472,192121
programs,453,101135
progress,463,69148
progressed,446,21545
progression,449,193483
progressive,478,126973
progressively,478,40826
projections,445,31701
prolactin,446,47615
proliferation,466,296900
proliferative,448,68131
proline,476,20811
prolongation,458,22467
prominent,466,63597
promising,448,71956
promote,454,77406
promoted,451,32750
promoter,447,229884
promotes,446,37642
promoting,448,39340
prompt,457,24237
promptly,449,8434
pronase,456,4199
pronounced,479,73876
propagated,464,7504
propagation,460,25657
proper,464,53728
property,472,36369
prophage,445,2544
propionate,455,12826
proportionately,445,3107
proportions,477,35941
proposal,452,11333
propose,464,97171
propranolol,478,36888
prostaglandin,476,65802
prostaglandins,470,20688
prostate,446,159381
protamine,445,7987
protease,463,81637
proteases,445,30708
protect,469,49365
protected,477,48639
protection,479,136778
protective,474,112553
protects,448,19073
protein-bound,452,4314
proteinase,444,25764
proteolysis,457,28052
proteolytic,475,42072
proteus,471,6883
proton,463,57933
protons,458,17169
protoplasts,457,6299
prove,472,38896
proved,478,94191
proven,461,54513
providing,471,95720
provoked,446,11328
proximal,479,144279
proximity,446,20786
ps,445,53512
public,458,114570
publication,453,14590
published,475,130182
pulmonary,479,372675
pulse,476,89973
pulse-chase,448,4760
pulses,474,38624
pump,470,53322
pure,478,71641
purely,445,9590
purine,469,17181
purity,456,15638
purkinje,446,20116
puromycin,467,3910
purpose,468,393769
purposes,458,34871
put,453,18466
putative,446,105401
putida,448,5717
putrescine,449,8629
pyridine,463,11957
pyridoxal,453,6286
pyrimidine,472,13880
pyrophosphate,468,9821
qualitative,474,58670
qualitatively,473,21454
quality,465,327848
quantitated,453,13079
quantitation,464,24199
quantitatively,478,43325
quantity,473,33455
quantum,457,36973
quaternary,453,10291
question,470,69798
questionnaire,451,151459
questions,449,78443
quickly,465,24734
quite,473,49731
ra,446,95944
rabies,450,10402
radial,454,46121
radiation,476,194326
radical,454,116807
radioactively,446,2439
radioimmunoassay,469,35484
radiolabeled,448,23478
radius,456,26585
raise,453,24766
raises,448,18456
raising,469,17451
rana,445,5455
random,478,99005
randomly,469,119147
ranged,479,123893
ranges,469,37072
ranging,479,95813
rare,470,202891
rarely,464,57956
rate-limiting,473,14806
raw,447,26800
rays,444,7712
reabsorption,472,15204
reach,473,53098
reaches,454,12034
reaching,473,37126
react,476,27857
reacted,473,41327
reacting,454,10714
reactivation,453,17347
reactive,474,117966
reactivity,477,92891
reacts,467,12429
read,446,13932
reading,445,71525
reagent,470,29238
reagents,474,29923
real,454,48851
reared,445,9131
rearrangement,448,29349
reason,463,45446
reasonable,460,28422
reasonably,451,10836
reasons,472,70316
reassociation,440,2033
reca,450,9378
receive,453,86923
received,479,393738
receiving,478,172264
receptive,464,16165
recessive,470,30868
recipient,475,41849
recipients,469,92307
reciprocal,470,22710
recognition,473,148112
recognize,449,42080
recognized,476,128615
recombinant,456,202671
recombinants,456,8142
recombination,477,63852
recommended,467,117200
reconstituted,457,26946
reconstitution,453,18170
record,454,37229
recording,478,58069
recordings,472,54888
records,464,93204
recover,458,15371
recoveries,449,14390
rectal,466,60023
rectum,452,18936
recurrence,452,158145
recurrent,468,144717
redistribution,452,18507
redox,460,37300
reduces,473,76166
reducing,477,124018
reductions,463,59031
reference,479,147214
referred,449,76552
reflect,476,86636
reflected,474,50875
reflecting,447,33124
reflection,451,18961
reflects,466,38884
reflex,471,56568
reflexes,451,15834
refractory,459,53989
regained,452,5974
regard,474,85333
regarded,461,32436
regarding,455,157536
regardless,475,64651
regenerating,448,12634
regeneration,460,57697
regimen,450,87772
regional,467,120742
regression,469,227452
regular,468,71515
regularly,468,21349
regulate,459,85498
regulated,471,127360
regulating,461,64658
regulator,451,49786
regulatory,479,163947
reinforced,445,8069
reinforcement,454,15279
rejection,447,76297
relate,457,26830
relating,466,27075
relations,464,32888
relationships,479,129419
relaxation,479,99190
relaxed,463,11549
releases,454,9905
releasing,457,19594
relevance,460,64052
relevant,466,145330
reliability,447,69926
reliable,473,106365
relieved,446,9435
remain,474,111920
remainder,472,18564
remains,479,199911
remarkable,460,38537
remarkably,456,34748
remove,469,28411
removes,447,6125
removing,459,19720
rendered,464,15376
renders,446,7529
renin,455,44474
repair,476,191363
repaired,451,15629
repeat,445,84720
repeated,479,137551
repeatedly,460,18398
repetitive,471,36726
replace,465,19234
replaced,478,50520
replacement,473,130915
replacing,447,13554
replicate,466,17006
replicated,468,16121
replicating,459,7265
replicative,466,9095
report,477,525051
reports,476,177268
representative,471,50978
represented,479,57568
representing,474,55607
represents,478,100730
repressed,475,14269
repression,479,30905
repressor,466,19785
reproduced,448,12559
reproducibility,457,35239
reproducible,477,39181
reproductive,456,75534
require,478,122608
requirements,477,69928
requiring,465,68712
rescue,448,23245
research,475,410001
resection,454,160041
resemble,475,17078
resembled,473,16915
resembles,478,17088
resembling,472,18942
reserpine,466,7534
reservoir,447,18756
reside,449,9797
residual,479,104906
residue,479,97340
resin,452,33151
resistances,447,6781
resolution,475,132544
resolved,477,52675
resonance,478,160532
resources,454,56263
respective,476,61364
respects,457,6693
respond,477,74850
responded,477,68409
responding,473,38469
responsive,464,36548
responsiveness,467,66955
rest,475,89237
restoration,465,38005
restore,463,23999
restored,478,58443
restores,447,7788
restricted,479,92304
restriction,474,98221
restrictive,461,13145
resultant,467,22120
resumption,445,5718
retain,465,18941
retained,479,61653
retardation,450,38615
retarded,465,17832
retention,479,92827
reticular,449,15116
reticulocyte,459,8646
reticulocytes,454,5072
reticulum,477,54232
retina,471,54319
retinal,474,115878
return,468,49162
returned,478,62925
reveal,474,87143
reveals,475,55924
reversal,474,36726
reverse,476,121615
reversibly,476,14969
reversion,458,6709
revertant,441,3115
revertants,458,5002
reverted,447,5139
review,467,378834
reviewed,471,198675
rhesus,466,21533
rheumatoid,460,55413
rhythm,467,50433
ribonuclease,477,10136
ribonucleic,468,6066
ribonucleoprotein,449,5492
ribose,445,5259
ribosome,473,13628
rich,473,33998
rifampicin,459,9598
rifampin,465,7962
right,479,303130
rigid,454,24432
ring,478,85257
ringer,462,9759
rings,459,34887
rises,465,11143
rising,459,17542
risk,461,1037404
rnas,461,34334
rnase,459,26741
rod,467,22297
rods,460,14375
roles,466,119782
room,477,63995
root,465,107337
roots,461,39761
rose,476,40454
rostral,447,18957
rotation,457,50800
rough,462,14935
roughly,467,13898
round,456,25897
rous,453,3177
route,473,54177
routes,458,22113
routine,473,118213
routinely,449,33502
rrna,468,46573
rubella,446,8985
rule,449,33147
ruled,445,11416
rumen,453,10478
run,448,26488
running,451,29590
s-adenosylmethionine,450,4022
sac,447,23401
saccharomyces,478,37246
sacs,446,3999
safe,446,111979
safety,456,144850
salicylate,450,8774
saliva,455,31798
salivary,462,47752
salmon,449,12288
salts,477,25851
sample,477,312249
sampled,452,32505
sampling,471,84052
san,468,11894
sarcoma,478,42345
sarcoplasmic,453,15863
satellite,448,15868
satisfactorily,446,7562
satisfactory,474,54407
saturable,456,14389
saturated,470,28475
saturating,452,6595
saturation,478,52259
scale,463,194290
scanning,469,99754
scattered,451,17686
scattering,455,37172
schedule,456,37538
schedules,453,14849
scheme,466,36571
school,450,87755
sciatic,451,19271
science,460,33026
screen,445,43803
screened,454,56488
screening,475,241972
sd,460,136525
se,469,80786
sea,463,35969
search,461,83312
seconds,453,30046
secrete,448,18878
secreted,473,73710
secretin,453,9480
secretions,452,18209
secretory,479,75529
section,472,69043
sections,479,119141
sediment,459,22837
sedimented,439,2422
sediments,460,16889
see,469,45049
segment,476,112090
segmental,451,30880
segregated,444,6885
segregation,461,21887
select,455,29968
selecting,449,18006
selection,479,169189
selectivity,457,56169
sem,455,44865
sendai,453,3720
sense,454,33683
sensitivities,448,17311
sensitization,457,36617
sensitized,472,23966
sensory,474,106418
sent,455,21451
separable,464,4247
separately,471,40774
separating,454,10426
sepharose,457,9873
septa,450,5200
septum,460,26296
sequential,478,64035
sequentially,444,15177
serial,477,64096
serially,450,10583
serine,478,63489
serious,462,94902
serological,474,28201
serologically,469,7213
serosal,452,7185
serotonin,463,67480
serotype,459,27216
serotypes,470,20924
serratia,467,5182
serve,477,76131
served,472,47701
serves,466,26511
service,455,84458
services,450,127884
set,479,185110
sets,464,67816
setting,448,196995
severely,470,56049
severity,467,196524
sewage,447,8689
sex,479,202782
sexes,450,29897
sexual,457,128869
shape,478,90657
shapes,446,15551
share,463,42623
shared,463,43397
sharp,467,23238
sharply,458,12041
sheath,444,18986
shift,479,113731
shifted,472,31771
shifts,464,43216
shigella,457,8665
shock,477,110093
short-term,460,75579
shortened,459,21798
shortening,463,37964
shorter,478,78532
shortly,468,18774
shunt,454,39410
sialic,461,17729
sides,450,22156
sigma,447,35385
sigmoid,453,10082
sigmoidal,451,3935
sign,455,35580
signal,472,271585
signals,458,138445
signs,471,153846
silica,445,28892
silver,450,26944
simian,473,12975
similarities,474,38256
similarity,474,72210
simplest,443,4454
simplex,472,28161
simplicity,448,8439
simplified,450,17492
simply,465,23112
simulate,446,16923
simulated,457,51592
simulation,448,53161
single-strand,464,8788
single-stranded,476,20266
singly,453,8419
sinus,466,83850
sinusoidal,448,13993
situ,471,143856
situated,459,13615
situation,473,58669
situations,459,49346
sixfold,445,4280
sizes,474,53413
skeletal,479,124338
sleep,456,155179
slices,479,50032
slime,444,2703
slope,469,38771
slopes,448,11019
slowed,455,12243
slowing,444,12856
slowly,478,47161
smallest,457,14583
smears,448,19792
smith,468,4505
so-called,447,24962
social,460,203651
society,449,44802
soft,451,79877
soil,472,80170
solely,474,25789
soleus,453,17102
solid,471,97404
solubility,465,26191
solubilization,463,10188
solubilized,477,17873
solute,458,13447
solutes,454,9282
solvent,473,59614
solvents,462,22807
somatic,468,58998
somewhat,476,31672
soon,469,25101
sought,446,55141
sound,454,37770
south,449,49638
soy,452,13485
sp,474,95458
space,479,125302
spaces,457,20212
spatial,471,124246
special,478,89407
specialized,458,30061
specially,444,11229
specificities,459,20806
specified,463,19331
specimen,465,46063
spectra,479,107581
spectral,472,65373
spectrometry,471,78007
spectrophotometric,451,9328
spectroscopy,469,104804
speed,463,60877
spent,447,25366
sperm,453,100293
spermidine,450,9712
spherical,466,23737
sphincter,448,26574
spike,463,26468
spikes,461,17482
spin,456,35000
spinach,445,5432
spinal,476,208699
spindle,450,29685
spite,474,34123
splanchnic,453,10353
spleen,478,105069
spleens,454,9259
splenic,460,40725
split,453,19671
splitting,451,9472
spontaneously,474,58413
spore,471,9911
spores,478,18279
sporulation,474,8036
spot,450,19511
spots,452,23244
spp,449,43020
spread,473,65374
square,459,25708
squid,453,3685
st,450,51904
stability,479,159981
stabilization,462,41171
stabilize,444,16208
stabilized,472,28921
stabilizing,445,16010
staff,471,66942
stain,459,25040
stained,476,67947
staining,479,192039
standardized,463,66209
standards,459,52827
staphylococcal,470,13471
staphylococci,469,11663
starch,455,22621
start,467,66133
started,463,51465
starting,468,65016
starvation,479,17658
starved,469,6232
static,459,40026
stationary,476,29467
statistical,471,144267
statistically,478,210539
status,469,334925
steadily,455,10680
steady,477,41933
steady-state,477,53834
stem,467,147463
stenosis,444,102654
step,479,138949
steps,477,81309
stepwise,460,27552
sterile,463,18474
sterilization,445,9114
steroid,471,76827
steroids,470,52154
sterol,463,13759
sterols,458,7946
stimulant,452,8695
stimulants,451,5514
stimulate,476,75968
stimulating,477,49226
stimulatory,473,38412
stock,459,9330
stocks,446,5752
stomach,475,59028
stomatitis,474,8103
stop,449,22991
stopped,469,20569
store,452,10371
stored,476,44240
stores,467,27221
straight,444,14535
strand,473,39580
strands,472,16550
stream,451,13706
strength,475,143512
streptococcal,466,11941
streptococci,470,16887
streptococcus,478,38048
streptomyces,461,13898
streptomycin,472,8745
stress,472,366051
stressed,449,18514
stretch,458,24962
strict,457,19116
strictly,456,18625
striking,478,34695
strikingly,458,14956
stringent,449,8695
strip,451,8819
strips,463,21465
stroke,450,156628
stronger,449,44841
structurally,464,38771
students,446,129761
studying,474,53106
subacute,446,14742
subcellular,477,36969
subcutaneous,474,67394
subcutaneously,464,23458
subfractions,450,4863
subgroup,448,51334
subgroups,447,45063
sublethal,447,7752
submaximal,450,11555
subnormal,443,5127
substance,479,90444
substantial,476,110693
substantially,479,72209
substituent,443,10711
substituents,444,14334
substitute,462,18032
substituted,474,32735
substitution,474,76542
substitutions,449,35778
subtilis,479,22384
success,446,107792
successful,469,160050
successfully,468,128628
successive,473,28312
succinate,478,15422
succinic,444,3196
suckling,457,9725
sudden,461,45118
suffered,452,41304
suffering,459,53984
sufficiently,473,28168
sugar,476,42585
sugars,474,16970
suggestion,467,13829
suggestions,448,16947
suggestive,458,32074
suited,447,15600
sulfhydryl,462,11227
sulfide,446,9701
sulfonate,445,4402
sulfur,459,19327
sum,468,27465
summarized,446,18564
summation,445,7066
summer,450,22662
superficial,460,52685
superimposed,463,10736
superinfection,442,3069
superior,479,128978
supernatant,478,30531
supernatants,445,26545
supplement,446,22163
supplementary,450,12623
supplementation,457,63111
supplemented,477,41755
supplements,447,20032
supplied,473,17990
supply,477,54475
supplying,448,6779
supported,477,81928
supporting,466,51779
supports,476,61102
suppress,464,40712
suppressed,479,113519
suppression,479,127400
suppressor,454,60301
surfaces,472,92442
surgery,463,586996
surgical,468,418244
surgically,448,38288
surrounded,450,15342
surrounding,469,63585
survey,471,169882
surveys,448,38591
survive,454,21121
survived,465,44035
surviving,465,27073
survivors,466,46835
suspected,460,88656
suspended,473,16956
suspension,475,38913
suspensions,479,22469
sustained,475,108789
sv40,473,17182
swelling,461,44671
swine,454,22844
symmetrical,448,13358
symmetry,460,23228
sympathetic,479,76831
sympathomimetic,435,2216
symptomatic,447,87413
symptoms,475,490558
synapse,445,12646
synapses,459,32894
synaptic,478,96087
synchronized,460,12374
synchronous,459,16279
syndromes,448,48750
synergism,447,7591
synergistic,458,34723
syngeneic,447,18483
synthase,464,103621
syntheses,446,6707
synthesize,478,22228
synthesizing,467,7140
systematic,457,69939
systemic,478,233195
systolic,458,109253
t1,449,51604
t3,446,51146
t4,478,48535
t7,455,9863
tachycardia,460,48110
taenia,446,4233
tail,473,51123
take,476,67232
takes,470,33918
target,472,313630
task,454,128133
taxonomic,447,9748
technical,457,53321
technology,458,78688
temperature-dependent,451,6633
temperature-sensitive,477,11015
template,476,31761
templates,460,11761
temporal,473,143055
temporally,445,12494
temporarily,455,7843
temporary,467,28044
tend,457,24493
tended,473,60597
tendency,467,50341
tendon,450,41947
tends,445,11769
tenfold,461,3808
tension,478,68228
tensions,450,6466
tentative,456,5388
tentatively,473,8006
term,474,113287
termed,469,39654
terminals,478,42756
terminated,454,14270
termination,462,38009
terminus,452,39622
tertiary,458,43926
testicular,447,52196
testing,477,221375
testis,452,45231
testosterone,467,83879
tetanic,445,6102
tetanus,449,14408
tetracycline,469,19783
tetramer,445,9663
tetrazolium,445,6068
tetrodotoxin,471,11561
text,451,24432
thawing,446,5774
theophylline,466,24575
theoretical,477,74508
theoretically,445,16346
theories,450,23179
therapeutic,476,311816
thermal,477,80072
thick,466,26645
thickness,463,105831
thin,476,49838
thin-layer,476,8816
thiol,466,19422
third,479,183214
thirty,452,35487
thoracic,467,74207
thought,478,112360
three-,444,4441
three-dimensional,464,66933
threefold,470,15953
threonine,474,22508
threshold,479,111477
thresholds,452,40183
thrombin,458,51481
thymidine,478,39504
thymine,465,6670
thymocytes,449,24664
thymus,467,38281
thyroid,472,154631
thyrotropin,447,6934
thyroxine,471,16782
tightly,464,25401
time-course,452,7286
time-dependent,449,37602
timing,453,50225
tip,462,35307
tips,451,14467
titer,475,25360
titers,479,44504
titration,474,21082
titrations,448,3819
titre,444,9789
toad,451,3573
tobacco,451,57557
tolerance,476,128201
tone,467,46745
tonic,447,20563
too,472,47261
took,471,41982
tool,471,123907
top,447,22674
totally,466,30444
toward,477,134856
towards,474,102647
toxicity,475,197173
toxin,478,90378
toxins,448,23878
trace,471,31282
traced,446,9234
tracer,473,31751
traces,458,8055
tracheal,447,37515
tracts,444,17440
traditional,446,89440
train,454,11097
trained,468,48442
training,469,199183
trains,444,8561
trait,458,33012
trans,449,21712
transaminase,456,10669
transcribed,468,28505
transcription,478,306418
transcriptional,447,121881
transducing,453,4541
transduction,476,77471
transferase,472,21211
transferred,479,50957
transferrin,445,29019
transform,456,24248
transformed,479,57131
transforming,464,44231
transfusion,450,49297
transiently,451,29987
transition,475,133237
transitions,457,30041
translated,453,16896
translation,472,67989
translational,450,24736
translocation,467,79002
transmembrane,452,60687
transmissible,443,4810
transmission,479,156504
transmitted,461,36591
transmitter,479,15620
transmural,457,11927
transplantation,459,204959
transplanted,447,43083
transported,466,24024
transverse,451,34960
trapped,445,13196
treating,455,68765
treatments,477,171233
trend,448,81052
trial,462,208117
trials,464,229917
tricarboxylic,444,2667
trichloroacetic,458,3345
triglyceride,471,36647
triglycerides,471,32765
triiodothyronine,454,8576
trimethoprim,451,6208
triphosphatase,466,4068
triphosphates,464,3431
tris,465,7891
tritiated,473,10351
tritium,449,5446
triton,471,17493
trna,478,34912
trp,457,16538
true,477,75373
trunk,449,29647
trypsin,479,42563
tryptic,476,15500
ts,462,31142
tsh,444,46741
tube,475,86134
tuberculosis,463,94642
tubes,466,28082
tubular,475,54292
tubule,466,21986
tubules,465,32329
tumors,476,431585
tumour,465,156924
tumours,452,99675
turbidity,448,4852
turkey,446,13290
turn,468,53964
turnover,479,62997
twenty-five,447,17065
twenty-four,448,22995
twitch,464,13506
two-,464,9440
two-dimensional,454,54849
two-thirds,460,13821
twofold,470,21306
type-specific,452,6891
typhimurium,477,24479
typical,478,124304
typically,460,54065
typing,461,27047
tyramine,458,4809
tyrosine,478,137003
u,479,146339
ulcer,460,54496
ulcerative,461,24429
ultimate,447,17022
ultimately,454,32240
ultracentrifugation,471,8086
ultrafiltration,452,8607
ultrastructural,475,39160
ultrastructure,461,13242
umbilical,445,38506
unaltered,473,17716
uncomplicated,444,18585
uncoupled,444,4595
uncoupling,447,10541
undergo,476,72739
undergoes,464,20874
undergoing,472,149273
undergone,448,47488
underlying,472,163702
understanding,465,217227
understood,450,80185
undertaken,466,81961
underwent,467,302014
undetectable,454,26714
unfractionated,444,7606
unidentified,466,16191
unidirectional,451,6700
uniform,474,36584
uniformly,470,19842
unilateral,458,70264
uninfected,475,19125
uniquely,448,10943
united,459,95620
university,475,106770
unknown,478,165129
unlabeled,472,14580
unlabelled,450,4934
unless,475,19495
unlike,478,59430
unlikely,474,34923
unmodified,444,10981
unrelated,479,60816
unresponsive,447,10769
unsaturated,469,14598
unselected,445,10831
unstable,473,42402
unstimulated,445,13940
unsuccessful,454,15870
unusual,478,76724
unusually,464,12413
upper,477,163931
uracil,462,7730
urea,476,56330
uridine,479,11514
us,465,165098
useful,479,335914
usefulness,464,48665
uses,465,50218
usual,474,43088
uterine,462,81686
uterus,467,31809
utility,447,56361
utilize,472,17431
utilized,477,58781
utilizes,459,11310
utilizing,476,40879
uv,471,61497
vaccinated,453,25113
vaccination,452,71406
vaccine,471,122082
vaccines,459,50750
vaccinia,471,12228
vacuoles,454,14416
vagal,453,22975
vagotomy,464,10762
vagus,456,9181
valid,464,36728
validity,461,70905
valine,465,10175
valuable,459,62304
var,464,9750
variability,470,120122
variables,467,207853
variance,457,75658
variant,470,90864
variants,476,94009
variations,479,102935
varies,477,32125
vary,475,54809
varying,479,83653
vas,457,24273
vasoconstriction,465,23954
vasoconstrictor,462,12947
vasodilatation,459,10751
vasodilator,451,17764
vasopressin,476,37121
vegetative,474,12509
vein,474,127719
veins,449,41038
velocities,453,25672
velocity,478,121806
venom,455,23460
venous,477,148565
ventilation,463,85343
ventral,463,61832
ventricle,474,58680
ventricles,461,16028
ventricular,477,316896
verified,450,33263
vero,445,7477
versa,447,9312
versus,467,288214
vertebrate,450,29270
vertical,458,48190
vesicle,452,33964
vesicles,475,104054
vesicular,477,19851
vessel,454,72753
vessels,472,126536
vi,449,34737
viability,477,68235
viable,479,56087
vibrio,470,12050
vice,447,9593
vicinity,449,15777
viewed,455,21865
villous,445,8831
virion,478,10277
virions,479,14663
virtually,477,38482
virulence,460,41874
virulent,472,18522
virus-induced,456,5322
virus-infected,463,7987
virus-specific,473,7430
viscosity,454,26367
visible,472,43399
vision,445,47165
visual,477,253009
visualized,452,27356
vital,448,41442
volatile,446,20300
voltage,468,46096
volumes,477,61268
volunteers,477,98454
vs,467,492476
vulgaris,454,13009
w,479,107805
walls,478,31489
warm,452,14449
wash,446,6482
washed,476,16381
washing,465,15743
washout,448,15978
water-soluble,457,15545
wave,474,76145
wavelength,454,21374
waves,461,39281
ways,466,49179
weak,477,79672
weaker,448,21528
weakly,459,32668
week,475,190513
weekly,472,48362
well-defined,453,18728
well-known,445,20777
western,446,138698
wet,469,29611
wheat,457,34576
whereby,465,21118
whilst,455,24649
white,477,157051
whom,475,127953
widely,478,120268
wider,448,18630
widespread,461,53586
width,456,39135
wild,478,69021
winter,447,23815
withdrawal,467,65022
withdrawn,447,12074
wk,473,65032
woman,450,87225
women,474,812871
workers,468,87640
working,464,87087
world,454,77305
wound,448,90659
wt,476,83366
x-100,470,12350
x-linked,448,15628
x-ray,475,125828
xenopus,449,35045
y,473,101305
year,474,315573
years,479,1277137
yeasts,459,11170
yellow,466,22230
yielded,479,81152
yielding,466,21933
yields,479,56436
yolk,447,17014
younger,450,92693
yr,453,57992
zero,476,34693
zinc,458,89433
zn,458,50057
zonal,456,2842
zone,479,84425
zones,471,31089
